{"cameraMode":{"drawMode":0,"name":"Shaded","section":"Shading Mode"},"sceneLighting":false,"audioPlay":false,"sceneViewState":{"m_AlwaysRefresh":false,"showFog":true,"showSkybox":false,"showFlares":true,"showImageEffects":true,"showParticleSystems":true,"showVisualEffectGraphs":true,"m_FxEnabled":true},"in2DMode":false,"pivot":{"x":0.05145740509033203,"y":2.371544599533081,"z":0.02347087860107422},"rotation":{"x":0.4633834958076477,"y":-0.000004704737420979654,"z":0.000002345861730645993,"w":0.8861572742462158},"size":7.071067810058594,"orthographic":false}